the_geom,SHAPE_AREA,SHAPE_LEN,Sub_Base,Soil,Source
"MULTIPOLYGON (((144.96953510646279 -37.78562165506979, 144.9684485776008 -37.79192793803688, 144.96839120754444 -37.792260884409636, 144.9757188335785 -37.79305337038984, 144.9731944935446 -37.807922663916386, 144.97637596561836 -37.80826607304146, 144.98739828477576 -37.80943411530702, 144.98743328575242 -37.810113024825924, 144.98813483411175 -37.810840326067364, 144.98866197449473 -37.81135005038434, 144.98928118353203 -37.81178981328815, 144.9892617856247 -37.812504794899915, 144.98923850723034 -37.81336277270796, 144.98967748794786 -37.81379945579977, 144.9901222911323 -37.814021642848125, 144.9905800353873 -37.814014330912016, 144.9899751644539 -37.81752522906728, 144.98995500210174 -37.81761437669282, 144.98988892138766 -37.81788746985041, 144.98987076838154 -37.81797036873706, 144.98975744641623 -37.81861093750924, 144.9896888631125 -37.81904591846206, 144.98963287311 -37.81937936045527, 144.98946842609138 -37.82035868620354, 144.9893977243795 -37.82078797983642, 144.98854296529908 -37.82121921682014, 144.9874013521718 -37.82156948815344, 144.9864029015437 -37.82155241702419, 144.98562136893597 -37.82090514076989, 144.98523491526936 -37.82042309751962, 144.98337404707289 -37.82028558902758, 144.9806158592424 -37.81886484946104, 144.9790587272203 -37.817359015483206, 144.97857378606346 -37.815607444787965, 144.97705160869367 -37.815264349092516, 144.97512144808388 -37.81523117233784, 144.97081552696974 -37.81684746428847, 144.96625332927206 -37.818089391024685, 144.9626796584495 -37.81891005449181, 144.96262627624836 -37.818922312295065, 144.96282601563996 -37.81839663021541, 144.9634248456171 -37.817605843024666, 144.96344685431276 -37.81680507710052, 144.9635598248628 -37.815319187056026, 144.96245813013581 -37.81341171050539, 144.96158221658635 -37.81116478379002, 144.96046174362456 -37.809943661128905, 144.95936177825473 -37.80797896104369, 144.9589028074751 -37.80631148708579, 144.95675901014448 -37.80558761097915, 144.95495176201624 -37.80542556133263, 144.95504305679407 -37.80504280122597, 144.95538347241478 -37.80316029407123, 144.95495568156628 -37.80298119127683, 144.95350288626537 -37.803356526106356, 144.9511081937103 -37.80388713264884, 144.94973852445912 -37.80386329357459, 144.94866512117292 -37.80355847616523, 144.94843236647586 -37.80342736732863, 144.9479734800454 -37.799884041793014, 144.9464018938352 -37.7993416233178, 144.94612148272688 -37.79905060926751, 144.9460668282101 -37.79842018369016, 144.9469476537327 -37.797863295307536, 144.9473318134388 -37.797011620251205, 144.9473523962792 -37.79626805676784, 144.94745455680206 -37.795182566234814, 144.94826008906395 -37.79473880451875, 144.94883197411394 -37.79492044093996, 144.9488145713061 -37.7955496107759, 144.94855719185873 -37.797032972467754, 144.9491901030964 -37.79761624393537, 144.95042181682516 -37.79740878794118, 144.95094851555893 -37.796616805989814, 144.9501872483389 -37.795459061558105, 144.94899669709937 -37.79417938715951, 144.9453619070519 -37.792628184179, 144.94392988813493 -37.79225984332379, 144.94259376007417 -37.79103478856473, 144.9422762300451 -37.789484171523156, 144.94302234453883 -37.78858160825671, 144.9435324899647 -37.78791422372359, 144.94361478296815 -37.788019705761954, 144.9445968494405 -37.789009671088756, 144.94538490122156 -37.78919509619921, 144.94580942119438 -37.78948862559528, 144.94535162825446 -37.79039623712127, 144.9455504242069 -37.79102917819348, 144.94819980231674 -37.79170483848129, 144.94927619717274 -37.79189526105824, 144.9509039243888 -37.79301086548962, 144.95227181498157 -37.79309188264474, 144.95431522887262 -37.792211796856144, 144.95577883508471 -37.79143606210295, 144.9562333570601 -37.7906428018038, 144.95649213143898 -37.789102219138236, 144.95739639434944 -37.78768728195275, 144.95921709024108 -37.78703214495084, 144.96058645689587 -37.787055864907686, 144.96116932116468 -37.786837056382396, 144.96147647031495 -37.78615567304495, 144.96212511072983 -37.78616689813821, 144.96413996592125 -37.786316193617466, 144.96524143330583 -37.78559130261325, 144.96552526434954 -37.78520584193059, 144.96953510646279 -37.78562165506979), (144.9674093593769 -37.8071224348214, 144.96843393329402 -37.80592408669159, 144.96887417074512 -37.804214933689664, 144.96848095800337 -37.804208150812634, 144.9675798459679 -37.804192601773146, 144.96663559061818 -37.80574998533775, 144.96622806029168 -37.807459693768024, 144.9674093593769 -37.8071224348214)))",3087230.50876,15418.4767314,Silurian,Duplex - ClaySilt then Clay,Digitized from 1956 Geological Survey of Victoria Map
"MULTIPOLYGON (((144.9863984199981 -37.83893148959228, 144.98619544306496 -37.83898131682287, 144.98453384387307 -37.838847230319814, 144.98328179071123 -37.838350358465284, 144.98136253737087 -37.83789486023251, 144.9802422372334 -37.837453040971, 144.97965600711777 -37.8369675523475, 144.98086447088053 -37.83661850670984, 144.98252888844206 -37.83664704172432, 144.98406446719247 -37.83651487042895, 144.9855392104765 -37.836170335861496, 144.98673758708455 -37.83619083566945, 144.9869597532744 -37.836177044781294, 144.98674554010177 -37.837224406586756, 144.9865366322186 -37.838231741188274, 144.98650240088128 -37.83842318400933, 144.9863984199981 -37.83893148959228)))",3087230.50876,15418.4767314,Silurian,Duplex - ClaySilt then Clay,Digitized from 1956 Geological Survey of Victoria Map
"MULTIPOLYGON (((144.9879075036348 -37.82971343470138, 144.98782059292833 -37.83019876518753, 144.98779385965656 -37.830535890234, 144.98787205654224 -37.83077999602881, 144.9879218602433 -37.83093378381664, 144.98796103719607 -37.83111274002224, 144.98697783545128 -37.829803048240855, 144.98493281780378 -37.82908133156224, 144.98326569236318 -37.82915843724715, 144.98204441489997 -37.82998271996634, 144.98142944883588 -37.83055325890007, 144.98010666506065 -37.83021361838126, 144.97906314251952 -37.82940332717641, 144.97896169884106 -37.828239423653656, 144.97872712153594 -37.827073234322434, 144.97800640443796 -37.82663825440296, 144.9763566410731 -37.82608165428679, 144.97564027676222 -37.82548825823305, 144.97559824044507 -37.824589501022885, 144.97466776555584 -37.82452067305385, 144.97300362845917 -37.82449203469307, 144.97174177715485 -37.82436465257839, 144.97008777434027 -37.8239663689725, 144.96958130449255 -37.82300677655549, 144.97050160077453 -37.821015273124864, 144.9723812393231 -37.8204665761572, 144.9742406400623 -37.82065705873165, 144.97587007135346 -37.82195289606635, 144.97775861115193 -37.8235172897823, 144.977800673707 -37.82441604710674, 144.97871530362906 -37.82506565969281, 144.9793057576346 -37.82539274847359, 144.9797443628725 -37.82640396139132, 144.98038700357344 -37.82726019610813, 144.981446340119 -37.82748966538862, 144.9827154558372 -37.82735294061477, 144.98371110778646 -37.82747564718932, 144.98530157344845 -37.82776700224524, 144.9860223461117 -37.82820193894584, 144.98706449629307 -37.82906497136872, 144.987649281843 -37.82960322439884, 144.9879075036348 -37.82971343470138)))",3087230.50876,15418.4767314,Silurian,Duplex - ClaySilt then Clay,Digitized from 1956 Geological Survey of Victoria Map
"MULTIPOLYGON (((144.96971823984242 -37.82879366160549, 144.96969416441894 -37.828608225848136, 144.96926726706585 -37.82717457526207, 144.9695483746597 -37.82589188436303, 144.97056098637134 -37.82614037268762, 144.97127876074524 -37.82668099802192, 144.97139454305076 -37.82731689909508, 144.9707708413363 -37.828204184266184, 144.96971823984242 -37.82879366160549)))",3087230.50876,15418.4767314,Silurian,Duplex - ClaySilt then Clay,Digitized from 1956 Geological Survey of Victoria Map
"MULTIPOLYGON (((144.9610558072291 -37.81928291596927, 144.9607325340564 -37.81935714135872, 144.96049197198877 -37.81932904411476, 144.95902469675306 -37.82021921428998, 144.95654318516006 -37.82126344129909, 144.95467161371334 -37.821116494810454, 144.95367478513117 -37.82064137704631, 144.95404952202043 -37.820132867532806, 144.95553579143163 -37.81855639383684, 144.95685571532184 -37.817778159650125, 144.95786513904818 -37.81779567129263, 144.95872878436387 -37.81786787178467, 144.95944192706378 -37.81816635662213, 144.9600766743091 -37.818692377860714, 144.96063932732054 -37.81921714704963, 144.9610558072291 -37.81928291596927)))",3087230.50876,15418.4767314,Silurian,Duplex - ClaySilt then Clay,Digitized from 1956 Geological Survey of Victoria Map
"MULTIPOLYGON (((144.9491495209748 -37.776712791943226, 144.94859208825446 -37.77751989671698, 144.94783824801442 -37.778708489002895, 144.94773612691904 -37.77979398353917, 144.94713745723053 -37.78058469969327, 144.94733782855 -37.78116044107585, 144.947329916409 -37.78144642777544, 144.94660609136415 -37.78154826068085, 144.94574129976675 -37.78153318074332, 144.945104706474 -37.781385170856716, 144.94531840813696 -37.78118245479483, 144.94527705191786 -37.78114433143786, 144.94568665452198 -37.780902753700964, 144.94591235148638 -37.78056334056144, 144.9466567451661 -37.7797179464013, 144.9479324565789 -37.777908981083186, 144.94816447037852 -37.776593180157086, 144.9491495209748 -37.776712791943226)))",3087230.50876,15418.4767314,Silurian,Duplex - ClaySilt then Clay,Digitized from 1956 Geological Survey of Victoria Map
"MULTIPOLYGON (((144.9639480540008 -37.78276524623612, 144.96293063676933 -37.783090681656276, 144.96199060773301 -37.7831888696991, 144.9612777840825 -37.782890408052936, 144.9607906019931 -37.782252498851314, 144.96080946702017 -37.78156612506502, 144.96067948307612 -37.78104884920371, 144.9606168499673 -37.7807044144925, 144.9611401716379 -37.78002677393847, 144.96115431691078 -37.77951199330007, 144.9607423647104 -37.77876093592994, 144.95823586879388 -37.778145262802475, 144.95774829361335 -37.777740981905154, 144.9602193320707 -37.77804236252409, 144.96089129657088 -37.778124309760074, 144.96123103705912 -37.77821474795991, 144.96130709792376 -37.77823504593756, 144.96138221872806 -37.778257441089316, 144.9614563075469 -37.77828190625503, 144.96152927409562 -37.77830841137437, 144.96160102914092 -37.778336924265034, 144.96167148494797 -37.77836740984199, 144.96174055567815 -37.77839983113819, 144.96180815670456 -37.77843414839148, 144.96187420558954 -37.77847031962486, 144.96193862165265 -37.77850830086407, 144.96200132627322 -37.77854804546717, 144.96206224258185 -37.77858950502015, 144.9621212964625 -37.77863262901651, 144.96217841571075 -37.77867736450456, 144.9622335302927 -37.778723656993144, 144.9622865732149 -37.77877144979078, 144.96233747950927 -37.778820684776655, 144.96238618710638 -37.77887130162707, 144.96243263624908 -37.778923238481326, 144.9624767704827 -37.77897643207131, 144.96251853567426 -37.77903081725406, 144.9625578809902 -37.779086327591855, 144.9625947581869 -37.77914289533985, 144.96262912246192 -37.77920045146092, 144.9626609314644 -37.77925892549585, 144.96269014655587 -37.779318246148236, 144.96271673211058 -37.77937834093459, 144.96274065537057 -37.779439136294386, 144.96276188742308 -37.77950055817023, 144.9627804022264 -37.779562531315115, 144.9627961770074 -37.77962498031303, 144.9628091925732 -37.7796878285707, 144.9628194331354 -37.77975099955342, 144.96282688605112 -37.77981441587962, 144.96283264395038 -37.77992960780585, 144.9628334871627 -37.78004488831632, 144.96282941474252 -37.78016012559681, 144.9628204312924 -37.78027518736534, 144.962806547216 -37.78038994200283, 144.96277903616428 -37.78067652058797, 144.9627741860605 -37.7807360568701, 144.96277192079043 -37.78079569035373, 144.96277224286615 -37.780855350452576, 144.96277515196866 -37.78091496630583, 144.96278064464568 -37.780974467449, 144.96278871446884 -37.78103378325322, 144.9627993517376 -37.78109284337089, 144.96281254403738 -37.78115157808308, 144.9628282755519 -37.781209917499304, 144.96284652774452 -37.781267792583044, 144.9628672790838 -37.78132513480901, 144.9628905047599 -37.78138187615836, 144.9629161773874 -37.78143794935608, 144.96294426657366 -37.78149328808883, 144.96297473906998 -37.78154782666967, 144.96300755861722 -37.78160150048591, 144.96304268637454 -37.781654245893996, 144.96308008076815 -37.7817060005547, 144.9631196975068 -37.78175670287035, 144.96316148955404 -37.781806292998006, 144.96320540757827 -37.78185471195621, 144.9632513993609 -37.78190190251588, 144.9632994103757 -37.781947808759746, 144.96334938378612 -37.781992376195, 144.9634012604358 -37.78203555209106, 144.96345497885474 -37.782077285254445, 144.96351047525633 -37.78211752614132, 144.96356768409845 -37.782156227092536, 144.9636265373712 -37.782193342434006, 144.96368696532167 -37.78222882792593, 144.96374889642908 -37.78226264166367, 144.96381225742053 -37.782294743514726, 144.96387697297757 -37.78232509545163, 144.96394296644607 -37.78235366156425, 144.964010159842 -37.78238040783455, 144.9639480540008 -37.78276524623612)))",3087230.50876,15418.4767314,Silurian,Duplex - ClaySilt then Clay,Digitized from 1956 Geological Survey of Victoria Map
"MULTIPOLYGON (((144.96971823984242 -37.82879366160549, 144.9707708413363 -37.828204184266184, 144.97139454305076 -37.82731689909508, 144.97127876074524 -37.82668099802192, 144.97056098637134 -37.82614037268762, 144.9695483746597 -37.82589188436303, 144.96964786522793 -37.825437897967646, 144.96982440898452 -37.82385617698527, 144.9699467308325 -37.823699140900345, 144.97008777434027 -37.8239663689725, 144.97174177715485 -37.82436465257839, 144.97300362845917 -37.82449203469307, 144.97466776555584 -37.82452067305385, 144.97559824044507 -37.824589501022885, 144.97564027676222 -37.82548825823305, 144.9763566410731 -37.82608165428679, 144.97800640443796 -37.82663825440296, 144.97872712153594 -37.827073234322434, 144.97896169884106 -37.828239423653656, 144.97906314251952 -37.82940332717641, 144.98010666506065 -37.83021361838126, 144.98142944883588 -37.83055325890007, 144.98204441489997 -37.82998271996634, 144.98326569236318 -37.82915843724715, 144.98493281780378 -37.82908133156224, 144.98697783545128 -37.829803048240855, 144.98796103719607 -37.83111274002224, 144.98796893346113 -37.83114880923566, 144.98792999098933 -37.83137323293137, 144.98729726278142 -37.8346473084518, 144.9872259467915 -37.8349130194522, 144.9869919243029 -37.836019746669635, 144.9869597532744 -37.836177044781294, 144.98673758708455 -37.83619083566945, 144.9855392104765 -37.836170335861496, 144.98406446719247 -37.83651487042895, 144.98252888844206 -37.83664704172432, 144.98086447088053 -37.83661850670984, 144.97965600711777 -37.8369675523475, 144.9802422372334 -37.837453040971, 144.98136253737087 -37.83789486023251, 144.98328179071123 -37.838350358465284, 144.98453384387307 -37.838847230319814, 144.98619544306496 -37.83898131682287, 144.9863984199981 -37.83893148959228, 144.9852304449311 -37.84464053676892, 144.98502208625717 -37.8456782433761, 144.98419944836914 -37.850660202621796, 144.9806379494241 -37.850205099659235, 144.9798120890204 -37.847941015571195, 144.97868451561575 -37.84484861306816, 144.97654930820482 -37.83899223578423, 144.97580411554014 -37.836949367179905, 144.97551140155147 -37.836146890636456, 144.97548932605045 -37.83608991724397, 144.9754648869002 -37.8360335541855, 144.97543811054996 -37.83597786285648, 144.9754090265814 -37.835922904368104, 144.97537766673287 -37.8358687388547, 144.9753440653257 -37.83581542548113, 144.97530825911588 -37.8357630226655, 144.97517408133956 -37.835566372592, 144.97506177994705 -37.83539667936108, 144.97495678925736 -37.83522406715918, 144.97485923008378 -37.835048733976336, 144.974830735011 -37.83499733418978, 144.97480023455415 -37.83494666341897, 144.97476775847383 -37.834896770950465, 144.9747333382587 -37.83484770519927, 144.97469700712216 -37.83479951382149, 144.97465880057356 -37.8347522436115, 144.9746187555692 -37.83470594037467, 144.97447096578813 -37.83454643763196, 144.97431644273007 -37.83439100075186, 144.97415536389255 -37.83423980849169, 144.9739879145757 -37.83409303456116, 144.9738142873112 -37.83395084772523, 144.97363468186538 -37.833813411691736, 144.97344930483777 -37.83368088420345, 144.97325836935593 -37.833553417821484, 144.97306209495474 -37.83343115913486, 144.9728607072988 -37.83331424853063, 144.97279650913464 -37.83327693593184, 144.97273399840003 -37.83323786273565, 144.97267325161613 -37.83319707689826, 144.97261434339646 -37.833154628595985, 144.97255734617508 -37.83311056977008, 144.97250232962668 -37.83306495456719, 144.9724493613884 -37.83301783890133, 144.97239850648612 -37.832969280669076, 144.97234982734042 -37.8329193395246, 144.97225195824728 -37.832815213195644, 144.97208759688198 -37.83264034273179, 144.97203377961728 -37.83258093882262, 144.97198262560462 -37.83252007276372, 144.97193419783585 -37.83245781953993, 144.9718885559784 -37.83239425621902, 144.97179040146435 -37.83225178367159, 144.97173540514783 -37.83216856672903, 144.9716840693179 -37.8320838916434, 144.97163645496653 -37.83199785950053, 144.97159261934442 -37.8319105731239, 144.9715526146835 -37.831822137052576, 144.9715164889253 -37.83173265687788, 144.9714842850017 -37.83164223956888, 144.97145604169347 -37.8315509932619, 144.9714317924971 -37.83145902712833, 144.97141156648968 -37.83136645093889, 144.97139538788701 -37.831273375619254, 144.97138327607192 -37.83117991223678, 144.97132835641224 -37.83053869127591, 144.9713014367824 -37.82989634716912, 144.9710208890238 -37.82997805262032, 144.96991798515197 -37.83029924881891, 144.96980414614293 -37.829455330046706, 144.96971823984242 -37.82879366160549)))",3087230.50876,15418.4767314,Tertiary Sediments,Sandy Loam,Digitized from 1956 Geological Survey of Victoria Map
"MULTIPOLYGON (((144.94866512117292 -37.80355847616523, 144.94973852445912 -37.80386329357459, 144.9511081937103 -37.80388713264884, 144.95350288626537 -37.803356526106356, 144.95495568156628 -37.80298119127683, 144.95538347241478 -37.80316029407123, 144.95504305679407 -37.80504280122597, 144.9549343144525 -37.805498711028086, 144.9548862546956 -37.8054978763695, 144.95420114191822 -37.80680214549275, 144.95437321710978 -37.80840742810304, 144.9557866722918 -37.80946201997768, 144.9572832972946 -37.810117464675315, 144.95871258042888 -37.81060004886776, 144.95933623581956 -37.8115264549951, 144.95996305534376 -37.812338463153324, 144.95993313992227 -37.81342521534625, 144.96004269659412 -37.814686058009244, 144.95981537726428 -37.81508269271965, 144.95845179682178 -37.814830159302375, 144.9567561202593 -37.813541802807976, 144.95492735864286 -37.81185053788063, 144.95345441247167 -37.81033710391699, 144.9515989321972 -37.80961814408479, 144.95011027997714 -37.80867664295125, 144.94893852025442 -37.80671059858379, 144.9475719680958 -37.80657233857556, 144.9460406381468 -37.807175109673096, 144.9447493468643 -37.806923680218745, 144.94360224548768 -37.80667475481317, 144.94304298236975 -37.80603551551651, 144.94271269456797 -37.8049424768155, 144.94209724147433 -37.803730004631646, 144.9422795180623 -37.802359797392825, 144.9443827015369 -37.80193873184856, 144.94646368302764 -37.80231838752392, 144.94866512117292 -37.80355847616523)))",3087230.50876,15418.4767314,Tertiary Sediments,Sandy Loam,Digitized from 1956 Geological Survey of Victoria Map
"MULTIPOLYGON (((144.94816447037852 -37.776593180157086, 144.9479324565789 -37.777908981083186, 144.9466567451661 -37.7797179464013, 144.94591235148638 -37.78056334056144, 144.94568665452198 -37.780902753700964, 144.94527705191786 -37.78114433143786, 144.9446856626104 -37.78059916595437, 144.9442643660016 -37.78019123922239, 144.94351921418962 -37.77846148421225, 144.94328010889194 -37.77668333694316, 144.9426188231566 -37.775919434755714, 144.94293666974292 -37.775958338463745, 144.9433879420961 -37.77601305872712, 144.94816447037852 -37.776593180157086)))",3087230.50876,15418.4767314,Tertiary Sediments,Sandy Loam,Digitized from 1956 Geological Survey of Victoria Map
"MULTIPOLYGON (((144.96552526434954 -37.78520584193059, 144.96524143330583 -37.78559130261325, 144.96413996592125 -37.786316193617466, 144.96212511072983 -37.78616689813821, 144.96147647031495 -37.78615567304495, 144.96116932116468 -37.786837056382396, 144.96058645689587 -37.787055864907686, 144.95921709024108 -37.78703214495084, 144.95739639434944 -37.78768728195275, 144.95649213143898 -37.789102219138236, 144.9562333570601 -37.7906428018038, 144.95577883508471 -37.79143606210295, 144.95431522887262 -37.792211796856144, 144.95227181498157 -37.79309188264474, 144.9509039243888 -37.79301086548962, 144.94927619717274 -37.79189526105824, 144.94819980231674 -37.79170483848129, 144.9455504242069 -37.79102917819348, 144.94535162825446 -37.79039623712127, 144.94580942119438 -37.78948862559528, 144.94538490122156 -37.78919509619921, 144.9445968494405 -37.789009671088756, 144.94361478296815 -37.788019705761954, 144.94270957257174 -37.786859400453935, 144.94274764268943 -37.78548666940211, 144.94401721273385 -37.783906542556316, 144.94434035238152 -37.78265323571476, 144.9453698823944 -37.78192727642285, 144.94687852733819 -37.782125259103935, 144.94802368321677 -37.7824313401914, 144.94805532153873 -37.78128739299497, 144.9478660181369 -37.78031127110757, 144.94833478359436 -37.77900326387026, 144.94907597207515 -37.77827224779139, 144.9488950882792 -37.77708118671579, 144.9491495209748 -37.776712791943226, 144.94946196484918 -37.77675072928787, 144.95559647564718 -37.77747849105894, 144.95774829361335 -37.777740981905154, 144.95823586879388 -37.778145262802475, 144.9607423647104 -37.77876093592994, 144.96115431691078 -37.77951199330007, 144.9611401716379 -37.78002677393847, 144.9606168499673 -37.7807044144925, 144.96067948307612 -37.78104884920371, 144.96080946702017 -37.78156612506502, 144.9607906019931 -37.782252498851314, 144.9612777840825 -37.782890408052936, 144.96199060773301 -37.7831888696991, 144.96293063676933 -37.783090681656276, 144.9639480540008 -37.78276524623612, 144.9635866231635 -37.785004758039044, 144.96552526434954 -37.78520584193059)))",3087230.50876,15418.4767314,Tertiary Sediments,Sandy Loam,Digitized from 1956 Geological Survey of Victoria Map
"MULTIPOLYGON (((144.94519791317904 -37.79594436072759, 144.94352897298214 -37.79631580224283, 144.9423099588825 -37.79606561001286, 144.94125099211251 -37.79524595581842, 144.94077979216155 -37.794035997876705, 144.9414507205173 -37.793246580788285, 144.94225626524633 -37.79280286045119, 144.94319643561582 -37.79270483443322, 144.94526922954194 -37.79337048966905, 144.94557565325664 -37.793561354603476, 144.94589574710696 -37.79418256614962, 144.94615713059807 -37.79515994640097, 144.94519791317904 -37.79594436072759)))",3087230.50876,15418.4767314,Tertiary Sediments,Sandy Loam,Digitized from 1956 Geological Survey of Victoria Map
"MULTIPOLYGON (((144.9501445587743 -37.79700338855638, 144.9495679096012 -37.79699334981686, 144.94936273848697 -37.79658920372968, 144.94945063578325 -37.796018486144476, 144.95000646554877 -37.795864034640346, 144.95031401724958 -37.79609074103261, 144.9503029503304 -37.79649112213792, 144.9501445587743 -37.79700338855638)))",3087230.50876,15418.4767314,Tertiary Sediments,Sandy Loam,Digitized from 1956 Geological Survey of Victoria Map
"MULTIPOLYGON (((144.9674093593769 -37.8071224348214, 144.96622806029168 -37.807459693768024, 144.96663559061818 -37.80574998533775, 144.9675798459679 -37.804192601773146, 144.96848095800337 -37.804208150812634, 144.96887417074512 -37.804214933689664, 144.96843393329402 -37.80592408669159, 144.9674093593769 -37.8071224348214)))",3087230.50876,15418.4767314,Tertiary Sediments,Sandy Loam,Digitized from 1956 Geological Survey of Victoria Map
"MULTIPOLYGON (((144.9893977243795 -37.82078797983642, 144.98928067363497 -37.82149868747711, 144.9890465483811 -37.82306880087257, 144.98900203513043 -37.82336731084104, 144.98886830767506 -37.82402552831044, 144.9888426380199 -37.82420461273266, 144.98880015868698 -37.8245009673243, 144.98870489241762 -37.825117688074926, 144.987642378251 -37.82495445052102, 144.9848987936638 -37.825435781925705, 144.98310580497173 -37.82524660400511, 144.9812577715833 -37.82463385023758, 144.97909854922244 -37.82322334286745, 144.97873373617705 -37.82194926618349, 144.97763530917925 -37.820715415421546, 144.97705210757636 -37.82012431511868, 144.97607387544753 -37.819367945512965, 144.97544577702845 -37.81798368154817, 144.97381066245575 -37.816899043273644, 144.97219013660185 -37.817716355202016, 144.9707084798957 -37.8183247354899, 144.97075932186266 -37.81832768331989, 144.96796939492975 -37.81864727489948, 144.96180958165536 -37.81986144414731, 144.96069112787362 -37.81936664838199, 144.96625332927206 -37.818089391024685, 144.97081552696974 -37.81684746428847, 144.97512144808388 -37.81523117233784, 144.97705160869367 -37.815264349092516, 144.97857378606346 -37.815607444787965, 144.9790587272203 -37.817359015483206, 144.9806158592424 -37.81886484946104, 144.98337404707289 -37.82028558902758, 144.98523491526936 -37.82042309751962, 144.98562136893597 -37.82090514076989, 144.9864029015437 -37.82155241702419, 144.9874013521718 -37.82156948815344, 144.98854296529908 -37.82121921682014, 144.9893977243795 -37.82078797983642)))",3087230.50876,15418.4767314,Basalt New Volcanic,Shallow Heavy Textured Clay,Digitized from 1956 Geological Survey of Victoria Map
"MULTIPOLYGON (((144.9905800353873 -37.814014330912016, 144.9901222911323 -37.814021642848125, 144.98967748794786 -37.81379945579977, 144.98923850723034 -37.81336277270796, 144.9892617856247 -37.812504794899915, 144.98928118353203 -37.81178981328815, 144.98866197449473 -37.81135005038434, 144.98813483411175 -37.810840326067364, 144.98743328575242 -37.810113024825924, 144.98739828477576 -37.80943411530702, 144.9912978955415 -37.80984710474167, 144.9905800353873 -37.814014330912016)))",3087230.50876,15418.4767314,Basalt New Volcanic,Shallow Heavy Textured Clay,Digitized from 1956 Geological Survey of Victoria Map
"MULTIPOLYGON (((144.9603518689367 -37.82834535393666, 144.96011355569283 -37.82840544978154, 144.95991946854264 -37.82844671864956, 144.9597236646581 -37.82848252460729, 144.9595263885924 -37.8285128229965, 144.9593278864142 -37.82853757605824, 144.95912840571094 -37.82855675282037, 144.95888454948016 -37.82857318398413, 144.9586401419426 -37.828583215988644, 144.95839544989366 -37.828586837912475, 144.95815074050438 -37.828584045827014, 144.95790628117913 -37.828574842794005, 144.95756006612982 -37.828551916136476, 144.95721491589552 -37.828520472490666, 144.9570064132162 -37.8284962528695, 144.9574673732707 -37.82760435929029, 144.95827928327327 -37.82714301356039, 144.95901734224068 -37.826944508887024, 144.9598001498889 -37.827539156116785, 144.9603518689367 -37.82834535393666)))",3087230.50876,15418.4767314,Basalt Old Volcanic,Shallow Heavy Textured Clay,Digitized from 1956 Geological Survey of Victoria Map
"MULTIPOLYGON (((144.93306522949476 -37.78843072393977, 144.9332543272117 -37.789783992810065, 144.93355732575742 -37.79184939932932, 144.93388902142502 -37.79288526360303, 144.9331491289683 -37.79355897701321, 144.93191105962683 -37.79399503951822, 144.93244462332348 -37.79554947418752, 144.93313512311354 -37.79664886354762, 144.93440866545913 -37.7975295783623, 144.93446322026145 -37.79816000652645, 144.93385787943922 -37.7991794311309, 144.9328263992633 -37.79996247408981, 144.93201753062402 -37.80052051867126, 144.9316845182932 -37.80211695920521, 144.93122327759193 -37.80313889973375, 144.93034546844598 -37.80358127167863, 144.9291968755247 -37.80338940517574, 144.92900138782392 -37.80264204790755, 144.9288859777931 -37.80160997579889, 144.92875938531782 -37.80097827887119, 144.92826758297446 -37.80051183104684, 144.92719112692208 -37.80032121455351, 144.92708373960158 -37.799003158953646, 144.927650658523 -37.796781377448525, 144.9275224844185 -37.79620687573913, 144.9266623300124 -37.796020061406175, 144.92551066439498 -37.795942555275865, 144.9245047603486 -37.7958103823049, 144.92364461913115 -37.79562354626892, 144.92293024137484 -37.79538205038171, 144.9218474637188 -37.79542017265538, 144.9209793168619 -37.79551929878043, 144.9205660929129 -37.79482530832347, 144.92080156974055 -37.79414277118668, 144.92205252241632 -37.793249257052636, 144.9227925092398 -37.792575616224156, 144.92317210760734 -37.791895615711184, 144.92347321888647 -37.79144312842852, 144.9237118593705 -37.79064619121437, 144.92320894452394 -37.79058009915325, 144.92300713873448 -37.790061518698046, 144.9222944181976 -37.78976282401305, 144.92200772920557 -37.78970054131863, 144.92114766530062 -37.78951368912782, 144.92064476088663 -37.78944758639421, 144.92066400213005 -37.78876123078543, 144.9201146925922 -37.78777871271909, 144.91984726087193 -37.78703006952225, 144.91928674383328 -37.786447922024685, 144.91858049283343 -37.78592042108984, 144.91779576176864 -37.78562042699693, 144.91650013349957 -37.78554028927493, 144.91465047169496 -37.784649184558006, 144.91336773562938 -37.78411144415864, 144.9117118066298 -37.78402487011227, 144.91032481586464 -37.784629739473225, 144.90987952004104 -37.78507963423003, 144.90963752943682 -37.78599093210435, 144.90933313506426 -37.786557774376355, 144.90801492140992 -37.787278285388666, 144.90742222778897 -37.78784000100987, 144.90661008420471 -37.78851226196102, 144.90594852806012 -37.78895829680226, 144.90490883376518 -37.79002707057216, 144.9035475438108 -37.78971672357906, 144.90327348595065 -37.78940312250814, 144.90331780083875 -37.78938316339646, 144.90340843951344 -37.789339015788634, 144.90349711904514 -37.789292429811475, 144.90358373539868 -37.789243460165864, 144.90366818687218 -37.78919216441056, 144.90375037424832 -37.78913860262695, 144.90383020120743 -37.789082837877004, 144.90390757392075 -37.789024935520054, 144.90398240146993 -37.78896496344558, 144.90405459626618 -37.788902992305886, 144.9041240732212 -37.78883909471282, 144.90419075101482 -37.788773345598294, 144.90425455138197 -37.788705822314064, 144.90448121134852 -37.788349821510465, 144.90457316795946 -37.7881800168693, 144.9046585591878 -37.788008066465494, 144.90473730575053 -37.787834130212765, 144.9048093344232 -37.78765836970874, 144.90487457817835 -37.7874809483502, 144.90493297662044 -37.78730203100252, 144.9050327298051 -37.78732125439844, 144.9050337199606 -37.787318244752285, 144.90503483960475 -37.78731526388142, 144.90503608750387 -37.78731231525585, 144.90503746228262 -37.78730940234323, 144.90503896199812 -37.78730652860101, 144.90504058527807 -37.78730369738412, 144.90504233004097 -37.787300912034965, 144.90504419406653 -37.78729817578078, 144.90504617541183 -37.78729549207907, 144.90504827172435 -37.78729286381671, 144.90505048035817 -37.787290294213456, 144.9050527988157 -37.787287786266276, 144.90505522445739 -37.787285342969696, 144.9050577542245 -37.787282967085424, 144.90506038533564 -37.78728066160548, 144.90506311445472 -37.78727842906131, 144.90506593866488 -37.787276272217255, 144.9050688543462 -37.78727419359976, 144.90507185830765 -37.78727219563025, 144.9050749467938 -37.78727028060752, 144.90507811633628 -37.7872684507228, 144.90508136303467 -37.78726670838491, 144.90508468328812 -37.787265055444806, 144.90508807306395 -37.787263493971, 144.90509152833891 -37.78726202569427, 144.90509504508984 -37.78726065234539, 144.90509861915166 -37.787259375652646, 144.90510224622378 -37.787258197116536, 144.9051059222989 -37.78725711790491, 144.90510964278957 -37.78725613962585, 144.90511340341422 -37.7872552631044, 144.90511719959494 -37.78725448961083, 144.9051210271953 -37.78725381986011, 144.90512488135994 -37.78725325489235, 144.90512875767504 -37.787252795192245, 144.90513265172677 -37.78725244124453, 144.90513655867255 -37.78725219363895, 144.90514047410488 -37.78725205263502, 144.90514439319705 -37.78725201825956, 144.90514831154485 -37.787252090659514, 144.9051522244633 -37.7872522698642, 144.9051561272804 -37.78725255545258, 144.90516001560454 -37.78725294712124, 144.90516388447986 -37.787253444444076, 144.905167729663 -37.78725404689508, 144.90631975542092 -37.787450894296796, 144.90637891331087 -37.787226393798214, 144.9064289900396 -37.7870005061237, 144.90646993473214 -37.7867734625456, 144.90650170556393 -37.786545495621624, 144.9065242699174 -37.786316838634285, 144.90654820398274 -37.78607675828537, 144.90658228670816 -37.78583745162065, 144.9066264792967 -37.785599188517445, 144.9066807319042 -37.785362238090926, 144.9067449830974 -37.78512686778356, 144.90681916042533 -37.784893343262496, 144.90690318000046 -37.78466192818703, 144.906996946802 -37.78443288353828, 144.9071003549474 -37.784206468074636, 144.90721328772142 -37.78398293731857, 144.90733561743778 -37.78376254344182, 144.9074672061488 -37.78354553527795, 144.90760790495264 -37.783332157747196, 144.90775755527315 -37.78312265176653, 144.90791598788337 -37.78291725366943, 144.9080830240373 -37.782716195338715, 144.90825847520233 -37.78251970363884, 144.91358475959714 -37.77938934952455, 144.91434006375775 -37.78018703449218, 144.91478462201928 -37.780638953246886, 144.91478300742023 -37.78065051870861, 144.91759904980236 -37.78361943080028, 144.91781957750877 -37.78385191325363, 144.918896440586 -37.78496968103718, 144.9211566068655 -37.78729894943599, 144.92131156917003 -37.7874578014136, 144.9214446360117 -37.78745136215538, 144.92246298517946 -37.78740203967595, 144.92944178849268 -37.78815311195498, 144.9295460302657 -37.78846928348794, 144.92957805106917 -37.78860383427696, 144.93096416791658 -37.78876209895731, 144.93119814546853 -37.788760005787175, 144.93199416531095 -37.78885045170819, 144.93208836168304 -37.78834651932971, 144.93217097037524 -37.78833503904431, 144.93306522949476 -37.78843072393977)))",3087230.50876,15418.4767314,Basalt Old Volcanic,Shallow Heavy Textured Clay,Digitized from 1956 Geological Survey of Victoria Map
"MULTIPOLYGON (((144.94805532153873 -37.78128739299497, 144.94802368321677 -37.7824313401914, 144.94687852733819 -37.782125259103935, 144.9453698823944 -37.78192727642285, 144.94434035238152 -37.78265323571476, 144.94401721273385 -37.783906542556316, 144.94274764268943 -37.78548666940211, 144.94270957257174 -37.786859400453935, 144.9435324899647 -37.78791422372359, 144.94302234453883 -37.78858160825671, 144.9422762300451 -37.789484171523156, 144.94259376007417 -37.79103478856473, 144.94392988813493 -37.79225984332379, 144.9453619070519 -37.792628184179, 144.94899669709937 -37.79417938715951, 144.9501872483389 -37.795459061558105, 144.95094851555893 -37.796616805989814, 144.95042181682516 -37.79740878794118, 144.9491901030964 -37.79761624393537, 144.94855719185873 -37.797032972467754, 144.9488145713061 -37.7955496107759, 144.94883197411394 -37.79492044093996, 144.94826008906395 -37.79473880451875, 144.94745455680206 -37.795182566234814, 144.9473523962792 -37.79626805676784, 144.9473318134388 -37.797011620251205, 144.9469476537327 -37.797863295307536, 144.9460668282101 -37.79842018369016, 144.94612148272688 -37.79905060926751, 144.9464018938352 -37.7993416233178, 144.9479734800454 -37.799884041793014, 144.94843236647586 -37.80342736732863, 144.94646368302764 -37.80231838752392, 144.9443827015369 -37.80193873184856, 144.9422795180623 -37.802359797392825, 144.94209724147433 -37.803730004631646, 144.94271269456797 -37.8049424768155, 144.94304298236975 -37.80603551551651, 144.94360224548768 -37.80667475481317, 144.9447493468643 -37.806923680218745, 144.9460406381468 -37.807175109673096, 144.9475719680958 -37.80657233857556, 144.94893852025442 -37.80671059858379, 144.95011027997714 -37.80867664295125, 144.9515989321972 -37.80961814408479, 144.95345441247167 -37.81033710391699, 144.95492735864286 -37.81185053788063, 144.9567561202593 -37.813541802807976, 144.95845179682178 -37.814830159302375, 144.95981537726428 -37.81508269271965, 144.96004269659412 -37.814686058009244, 144.95993313992227 -37.81342521534625, 144.95996305534376 -37.812338463153324, 144.95933623581956 -37.8115264549951, 144.95871258042888 -37.81060004886776, 144.9572832972946 -37.810117464675315, 144.9557866722918 -37.80946201997768, 144.95437321710978 -37.80840742810304, 144.95420114191822 -37.80680214549275, 144.9548862546956 -37.8054978763695, 144.9549343144525 -37.805498711028086, 144.95495176201624 -37.80542556133263, 144.95675901014448 -37.80558761097915, 144.9589028074751 -37.80631148708579, 144.95936177825473 -37.80797896104369, 144.96046174362456 -37.809943661128905, 144.96158221658635 -37.81116478379002, 144.96245813013581 -37.81341171050539, 144.9635598248628 -37.815319187056026, 144.96344685431276 -37.81680507710052, 144.9634248456171 -37.817605843024666, 144.96282601563996 -37.81839663021541, 144.96262627624836 -37.818922312295065, 144.9610558072291 -37.81928291596927, 144.96063932732054 -37.81921714704963, 144.9600766743091 -37.818692377860714, 144.95944192706378 -37.81816635662213, 144.95872878436387 -37.81786787178467, 144.95786513904818 -37.81779567129263, 144.95685571532184 -37.817778159650125, 144.95553579143163 -37.81855639383684, 144.95404952202043 -37.820132867532806, 144.95376307439997 -37.82052157126453, 144.953025846564 -37.820630096753376, 144.95216217664563 -37.82055785367512, 144.951019583411 -37.82013740292935, 144.95081909175602 -37.81956166749918, 144.95098227938604 -37.81887781196403, 144.95189177801356 -37.81729134593614, 144.95213653452078 -37.81626555923857, 144.95129505530383 -37.81539255103987, 144.94973577882186 -37.8143925911891, 144.9483975861058 -37.813224789334804, 144.9481218677712 -37.812762187745115, 144.94528083160034 -37.811167580526956, 144.94369950980249 -37.81096830222542, 144.94300237721157 -37.81009775650784, 144.9419384445848 -37.80944969492971, 144.94080084950795 -37.80885756035566, 144.94024795326195 -37.80798952089734, 144.94005870132014 -37.8070133916144, 144.9409247807336 -37.804396205192454, 144.9414398967085 -37.80142952783435, 144.94040469886824 -37.79975191095645, 144.93896249347335 -37.79715156728982, 144.9395036141396 -37.79584486786273, 144.9398910246045 -37.79487882513332, 144.9402031694436 -37.79402591396959, 144.94014380112566 -37.79356707760464, 144.9391956698043 -37.79395106342288, 144.93766295164602 -37.79461092924817, 144.93715522176262 -37.79471648621062, 144.93717590489553 -37.79397292719465, 144.93784846049 -37.793126334857675, 144.93824223662676 -37.791931509738376, 144.93828039634138 -37.7905587837297, 144.93875893916535 -37.78890764188083, 144.93875271527577 -37.78850994339262, 144.93886589077945 -37.78842676506507, 144.93902598758373 -37.788316628491145, 144.93919055548912 -37.788210723897954, 144.93935941701974 -37.788109165765334, 144.93953239002045 -37.788012063422606, 144.9397092879182 -37.787919521841985, 144.93988991975044 -37.787831640625214, 144.94007409071048 -37.78774851480169, 144.94036533536232 -37.78761572882567, 144.9400719421351 -37.78719310285909, 144.93997132226446 -37.7870601694199, 144.94021062006087 -37.786943086654176, 144.94022285349286 -37.78693346122583, 144.94023475876466 -37.78692357986792, 144.94024632702514 -37.786913449522544, 144.9402608734233 -37.78689989621155, 144.94027481699004 -37.786885949468726, 144.94028814064808 -37.78687162623061, 144.94030082858777 -37.78685694379387, 144.94031286512882 -37.78684191990805, 144.9403242359941 -37.78682657291038, 144.9403349270452 -37.78681092125322, 144.94034492569193 -37.786794983866585, 144.94035421975715 -37.78677878013828, 144.94036279777004 -37.786762329581116, 144.94037064966605 -37.786745652183065, 144.94037776579992 -37.786728768164714, 144.94038413737465 -37.786711697874104, 144.9403897570025 -37.786694462021885, 144.94039461757956 -37.78667708132364, 144.94039871354684 -37.786659577085196, 144.94040203963547 -37.786641970392125, 144.940404591992 -37.7866242824674, 144.94040636746627 -37.78660653477161, 144.940407364043 -37.78658874878512, 144.9404075802714 -37.78657094611079, 144.94040701598357 -37.78655314814867, 144.94040567199548 -37.78653537665388, 144.94040354984494 -37.78651765294358, 144.94040065219843 -37.78649999857998, 144.94039698229935 -37.78648243479736, 144.9403925448034 -37.78646498308003, 144.94038734508828 -37.78644766447428, 144.94038138938907 -37.78643049981615, 144.94037468479212 -37.78641350995646, 144.94036723966676 -37.786396715543255, 144.94024831477554 -37.7861303034997, 144.94146467445822 -37.784949228828026, 144.9426225388334 -37.78479778598184, 144.94359590196547 -37.783498613206845, 144.94354761605229 -37.78263939709613, 144.94370918804105 -37.78201274441047, 144.94472603923612 -37.781744368440464, 144.945104706474 -37.781385170856716, 144.94574129976675 -37.78153318074332, 144.94660609136415 -37.78154826068085, 144.947329916409 -37.78144642777544, 144.94733782855 -37.78116044107585, 144.94713745723053 -37.78058469969327, 144.94773612691904 -37.77979398353917, 144.94783824801442 -37.778708489002895, 144.94859208825446 -37.77751989671698, 144.9488950882792 -37.77708118671579, 144.94907597207515 -37.77827224779139, 144.94833478359436 -37.77900326387026, 144.9478660181369 -37.78031127110757, 144.94805532153873 -37.78128739299497), (144.9414507205173 -37.793246580788285, 144.94077979216155 -37.794035997876705, 144.94125099211251 -37.79524595581842, 144.9423099588825 -37.79606561001286, 144.94352897298214 -37.79631580224283, 144.94519791317904 -37.79594436072759, 144.94615713059807 -37.79515994640097, 144.94589574710696 -37.79418256614962, 144.94557565325664 -37.793561354603476, 144.94526922954194 -37.79337048966905, 144.94319643561582 -37.79270483443322, 144.94225626524633 -37.79280286045119, 144.9414507205173 -37.793246580788285), (144.9501445587743 -37.79700338855638, 144.9503029503304 -37.79649112213792, 144.95031401724958 -37.79609074103261, 144.95000646554877 -37.795864034640346, 144.94945063578325 -37.796018486144476, 144.94936273848697 -37.79658920372968, 144.9495679096012 -37.79699334981686, 144.9501445587743 -37.79700338855638)))",3087230.50876,15418.4767314,Basalt Old Volcanic,Shallow Heavy Textured Clay,Digitized from 1956 Geological Survey of Victoria Map
"MULTIPOLYGON (((144.96177708880523 -37.81984706978798, 144.96180958165536 -37.81986144414731, 144.96796939492975 -37.81864727489948, 144.97075932186266 -37.81832768331989, 144.9733014266384 -37.81847504696419, 144.97572520248482 -37.81994303312273, 144.97714919091572 -37.82144662310411, 144.97933888391665 -37.824178328500324, 144.9815575112166 -37.825853978048976, 144.98473118476312 -37.82670072804379, 144.9869092728634 -37.82742472308924, 144.98817026767298 -37.828246050805866, 144.9879117397837 -37.82968977883127, 144.9879075036348 -37.82971343470138, 144.987649281843 -37.82960322439884, 144.98706449629307 -37.82906497136872, 144.9860223461117 -37.82820193894584, 144.98530157344845 -37.82776700224524, 144.98371110778646 -37.82747564718932, 144.98320113925615 -37.827412798521195, 144.97955199074732 -37.82596044713293, 144.9793057576346 -37.82539274847359, 144.97871530362906 -37.82506565969281, 144.977800673707 -37.82441604710674, 144.97775861115193 -37.8235172897823, 144.97587007135346 -37.82195289606635, 144.97524138638346 -37.82145292984202, 144.97491203347792 -37.82045730587542, 144.97413205959563 -37.819757155666764, 144.9721511205747 -37.819141973884584, 144.9659407081427 -37.819774407595354, 144.96251997084272 -37.820666121588324, 144.95739288396825 -37.82306008225712, 144.9540399239743 -37.82389989667101, 144.9495845207505 -37.823663913299306, 144.94778730165208 -37.82363260071903, 144.94763076953544 -37.82447507752499, 144.9441840803182 -37.82388669169317, 144.94314838126627 -37.822812096653195, 144.93467549075734 -37.82097336462879, 144.9263781136533 -37.820028564528656, 144.92096642867597 -37.82007619107974, 144.91499386290369 -37.820828941071866, 144.90771496313155 -37.823131844732096, 144.90696159726247 -37.82426293811828, 144.90622033277384 -37.82496506012377, 144.90235782133746 -37.82761445198027, 144.9005105201258 -37.82915518625642, 144.89939058670384 -37.82927688355038, 144.8984121684069 -37.831837275544856, 144.89763711280676 -37.834739368485614, 144.8989802180182 -37.84186300192565, 144.8998437387103 -37.843357505163375, 144.8994674081339 -37.84364280445119, 144.89873216739366 -37.8427891968739, 144.8978727992088 -37.8413277571346, 144.8973200747018 -37.839758547933066, 144.8970927744555 -37.838253687535016, 144.8969756457593 -37.83685064257213, 144.89696193794686 -37.83517248268714, 144.89715720730015 -37.83308925682101, 144.8977356053465 -37.830860086509844, 144.89844285303784 -37.82968930937591, 144.89879700119857 -37.82910303697562, 144.9001443613309 -37.82751703044837, 144.90183688470054 -37.825915005881, 144.90376811073224 -37.82428606022677, 144.9050858562453 -37.82318826772312, 144.906064021575 -37.82224378930774, 144.90663967747872 -37.821004499391314, 144.9065342068165 -37.8197705386914, 144.90628680415224 -37.81839310696087, 144.90597174816932 -37.81709597202567, 144.90562741913934 -37.81568218547582, 144.90544093528698 -37.81455059748309, 144.90546808586615 -37.81345385013201, 144.90592620269456 -37.81109055493541, 144.90630608593295 -37.80939291346336, 144.90668417582458 -37.80823250914363, 144.90756777314527 -37.806137173124455, 144.90761684800643 -37.806498620869036, 144.90698684500703 -37.80837582743487, 144.90615445225467 -37.81230950542856, 144.906486838777 -37.81586332040094, 144.90824835153717 -37.81990032524806, 144.9117575910274 -37.818245889681315, 144.9123726840597 -37.80921535364076, 144.91504006574937 -37.809262614048144, 144.91466735292022 -37.8173818718773, 144.91687188307006 -37.81850815798637, 144.91963258434612 -37.81781305253442, 144.92809377293554 -37.81447155659632, 144.92890778482928 -37.816317060287936, 144.9266583153105 -37.81679249098898, 144.92561209670558 -37.8180902250545, 144.93080973713847 -37.81795278488314, 144.93391166429083 -37.81795003239627, 144.94383010183702 -37.81406071228112, 144.94499231358247 -37.81636998613974, 144.94544467670968 -37.81826629204305, 144.94055982513558 -37.820126586565614, 144.9334583215581 -37.81868599471777, 144.93228554416748 -37.81935209845379, 144.94770362373686 -37.822654756647374, 144.95252050826082 -37.82325364263269, 144.9546179239672 -37.82306119977796, 144.9571668965572 -37.8221898591563, 144.96177708880523 -37.81984706978798)))",3087230.50876,15418.4767314,Water,,Digitized from 1956 Geological Survey of Victoria Map
"MULTIPOLYGON (((144.93984004714974 -37.78521569965663, 144.94024108913823 -37.784870611576935, 144.94032586226518 -37.78441429549554, 144.94026173402798 -37.78412704987068, 144.93969789621224 -37.78365938933988, 144.9398531499244 -37.78326153126618, 144.9401509477801 -37.78292339083106, 144.9405944640292 -37.78253057275615, 144.94075129788953 -37.782075516123776, 144.94068875717198 -37.78173107353799, 144.9402017632664 -37.781093084403835, 144.93898142101682 -37.78090006178997, 144.93871096494382 -37.780895328856815, 144.93855543648976 -37.78053029622616, 144.93943604988996 -37.78010686836307, 144.94045923894055 -37.779609740473504, 144.94047511500509 -37.77903776934921, 144.93897767441 -37.77843932739476, 144.93732329074513 -37.77831962564107, 144.93714294744407 -37.7779722220426, 144.93707974166367 -37.77778693068979, 144.9379572722052 -37.77789437716062, 144.93782293728827 -37.777587511795765, 144.93773218172666 -37.77735016765801, 144.9376948342338 -37.77724910300665, 144.93766971059696 -37.777180488721356, 144.93768716132672 -37.7771735684051, 144.9377051265645 -37.77716704989529, 144.93778628138966 -37.77710130550143, 144.93784719601558 -37.777045828191575, 144.9379268780634 -37.77697325841654, 144.93803636643088 -37.77686345927579, 144.93813655351735 -37.77674989125869, 144.93817455070544 -37.7766727795039, 144.9382124467699 -37.776595626650995, 144.9382254524872 -37.776539241221826, 144.93823840765742 -37.77648283541777, 144.93829515253705 -37.776382517759565, 144.9383642568685 -37.77628715760831, 144.93840528645552 -37.77621127465599, 144.9384928654194 -37.776123450917005, 144.9385349278952 -37.77600969857706, 144.93858917139517 -37.775792492336116, 144.9386147831946 -37.77571036218327, 144.93863736220283 -37.775627003135604, 144.93867607509912 -37.77557431751952, 144.93876879687963 -37.77544812918211, 144.9426188231566 -37.775919434755714, 144.94328010889194 -37.77668333694316, 144.94351921418962 -37.77846148421225, 144.9442643660016 -37.78019123922239, 144.9446856626104 -37.78059916595437, 144.94531840813696 -37.78118245479483, 144.94472603923612 -37.781744368440464, 144.94370918804105 -37.78201274441047, 144.94354761605229 -37.78263939709613, 144.94359590196547 -37.783498613206845, 144.9426225388334 -37.78479778598184, 144.94146467445822 -37.784949228828026, 144.94024831477554 -37.7861303034997, 144.93984004714974 -37.78521569965663)))",3087230.50876,15418.4767314,Alluvial Terrace,Silt,Digitized from 1956 Geological Survey of Victoria Map
"MULTIPOLYGON (((144.98320113925615 -37.827412798521195, 144.9827154558372 -37.82735294061477, 144.981446340119 -37.82748966538862, 144.98038700357344 -37.82726019610813, 144.9797443628725 -37.82640396139132, 144.97955199074732 -37.82596044713293, 144.98320113925615 -37.827412798521195)))",3087230.50876,15418.4767314,Alluvial Flat,Deep Stratified Sand/ Silt/ Clay/ Gravel,Digitized from 1956 Geological Survey of Victoria Map
"MULTIPOLYGON (((144.98870489241762 -37.825117688074926, 144.98863864587153 -37.82554653817778, 144.9882938497239 -37.82755589409946, 144.98817026767298 -37.828246050805866, 144.9869092728634 -37.82742472308924, 144.98473118476312 -37.82670072804379, 144.9815575112166 -37.825853978048976, 144.97933888391665 -37.824178328500324, 144.97714919091572 -37.82144662310411, 144.97572520248482 -37.81994303312273, 144.9733014266384 -37.81847504696419, 144.9707084798957 -37.8183247354899, 144.97219013660185 -37.817716355202016, 144.97381066245575 -37.816899043273644, 144.97544577702845 -37.81798368154817, 144.97607387544753 -37.819367945512965, 144.97705210757636 -37.82012431511868, 144.97763530917925 -37.820715415421546, 144.97873373617705 -37.82194926618349, 144.97909854922244 -37.82322334286745, 144.9812577715833 -37.82463385023758, 144.98310580497173 -37.82524660400511, 144.9848987936638 -37.825435781925705, 144.987642378251 -37.82495445052102, 144.98870489241762 -37.825117688074926)))",3087230.50876,15418.4767314,Alluvial Flat,Deep Stratified Sand/ Silt/ Clay/ Gravel,Digitized from 1956 Geological Survey of Victoria Map
"MULTIPOLYGON (((144.93306522949476 -37.78843072393977, 144.93782600450734 -37.78894000450242, 144.9381986935589 -37.78897986431493, 144.93841412991307 -37.78878135720342, 144.93855979685836 -37.78865925487456, 144.93871043798637 -37.7885410150053, 144.93875271527577 -37.78850994339262, 144.93875893916535 -37.78890764188083, 144.93828039634138 -37.7905587837297, 144.93824223662676 -37.791931509738376, 144.93784846049 -37.793126334857675, 144.93717590489553 -37.79397292719465, 144.93715522176262 -37.79471648621062, 144.93766295164602 -37.79461092924817, 144.9391956698043 -37.79395106342288, 144.94014380112566 -37.79356707760464, 144.9402031694436 -37.79402591396959, 144.9398910246045 -37.79487882513332, 144.9395036141396 -37.79584486786273, 144.93896249347335 -37.79715156728982, 144.94040469886824 -37.79975191095645, 144.9414398967085 -37.80142952783435, 144.9409247807336 -37.804396205192454, 144.94005870132014 -37.8070133916144, 144.94024795326195 -37.80798952089734, 144.94080084950795 -37.80885756035566, 144.9419384445848 -37.80944969492971, 144.94300237721157 -37.81009775650784, 144.94369950980249 -37.81096830222542, 144.94528083160034 -37.811167580526956, 144.9481218677712 -37.812762187745115, 144.9483975861058 -37.813224789334804, 144.94973577882186 -37.8143925911891, 144.95129505530383 -37.81539255103987, 144.95213653452078 -37.81626555923857, 144.95189177801356 -37.81729134593614, 144.95098227938604 -37.81887781196403, 144.95081909175602 -37.81956166749918, 144.951019583411 -37.82013740292935, 144.95216217664563 -37.82055785367512, 144.953025846564 -37.820630096753376, 144.95376307439997 -37.82052157126453, 144.95367478513117 -37.82064137704631, 144.95467161371334 -37.821116494810454, 144.95654318516006 -37.82126344129909, 144.95902469675306 -37.82021921428998, 144.96049197198877 -37.81932904411476, 144.9607325340564 -37.81935714135872, 144.96069112787362 -37.81936664838199, 144.96177708880523 -37.81984706978798, 144.9571668965572 -37.8221898591563, 144.9546179239672 -37.82306119977796, 144.95252050826082 -37.82325364263269, 144.94770362373686 -37.822654756647374, 144.93228554416748 -37.81935209845379, 144.9334583215581 -37.81868599471777, 144.94055982513558 -37.820126586565614, 144.94544467670968 -37.81826629204305, 144.94499231358247 -37.81636998613974, 144.94383010183702 -37.81406071228112, 144.93391166429083 -37.81795003239627, 144.93080973713847 -37.81795278488314, 144.92561209670558 -37.8180902250545, 144.9266583153105 -37.81679249098898, 144.92890778482928 -37.816317060287936, 144.92809377293554 -37.81447155659632, 144.91963258434612 -37.81781305253442, 144.91687188307006 -37.81850815798637, 144.91466735292022 -37.8173818718773, 144.91504006574937 -37.809262614048144, 144.9123726840597 -37.80921535364076, 144.9117575910274 -37.818245889681315, 144.90824835153717 -37.81990032524806, 144.906486838777 -37.81586332040094, 144.90615445225467 -37.81230950542856, 144.90698684500703 -37.80837582743487, 144.90761684800643 -37.806498620869036, 144.90756777314527 -37.806137173124455, 144.90764022546216 -37.805965355978564, 144.9083842863929 -37.80424295128627, 144.90855459847222 -37.803872737270844, 144.90892581415434 -37.803103125295436, 144.90923534655158 -37.80253755650171, 144.90953027636843 -37.80199390512722, 144.9098734803476 -37.80147328698869, 144.91013733092694 -37.8010399687655, 144.9103878753595 -37.80066101646101, 144.9107060154432 -37.80031591767787, 144.91096867044783 -37.800093625557004, 144.91137336541988 -37.799841430647476, 144.9117460224105 -37.799671194130745, 144.91219550764836 -37.79954358257555, 144.9126604324021 -37.799531421458916, 144.91302317084745 -37.7995746455613, 144.91326758068928 -37.79963841496476, 144.91345737966148 -37.799740841405814, 144.91380796981238 -37.79996216183397, 144.91421325310537 -37.800141994249785, 144.9146142711461 -37.80021985606098, 144.91492550710697 -37.80019140280216, 144.91523996741552 -37.80003828869925, 144.91562427122392 -37.79976345444859, 144.91596755579462 -37.799416772556256, 144.9162053649626 -37.799122274831646, 144.91638757766907 -37.79876420690291, 144.91650533268344 -37.79839614593891, 144.91652155964792 -37.79821103854239, 144.9165357458421 -37.79804921103941, 144.9164320523638 -37.797768742242724, 144.91626778530207 -37.797438030832176, 144.91602825230555 -37.79713876751499, 144.9156051140397 -37.7967759782184, 144.9151156826063 -37.79632636522978, 144.91467944918105 -37.79602562326487, 144.91405420543214 -37.79568739355704, 144.91351331274217 -37.79541039643432, 144.91314342078198 -37.79522761086344, 144.91295800682252 -37.795135985976664, 144.9128533073727 -37.795091473162074, 144.91237834284428 -37.79488954087842, 144.91170293108914 -37.79458662589835, 144.9110110035782 -37.794342388003756, 144.9102670598472 -37.794159192892884, 144.90952617047546 -37.793976253363546, 144.90874304795778 -37.793773154677744, 144.9080480986157 -37.79347944639098, 144.90742732055932 -37.79315794554267, 144.90681115395304 -37.792889885238125, 144.90624945102442 -37.792642194396414, 144.9056746972615 -37.79242337200972, 144.90487373031087 -37.79214227607371, 144.90431616506433 -37.79191516104197, 144.90380847216232 -37.79166721300815, 144.90339443425927 -37.791399212187166, 144.9031128507547 -37.79109447548803, 144.90290523991325 -37.79069114947866, 144.90277397476837 -37.790357426854925, 144.90274178092298 -37.790275578338225, 144.90267548101897 -37.789909519699684, 144.90267593283593 -37.78965173429759, 144.90303520528568 -37.78950047253968, 144.9031310741438 -37.789463939220454, 144.90322530953117 -37.789424820794515, 144.90327348595065 -37.78940312250814, 144.9035475438108 -37.78971672357906, 144.90490883376518 -37.79002707057216, 144.90594852806012 -37.78895829680226, 144.90661008420471 -37.78851226196102, 144.90742222778897 -37.78784000100987, 144.90801492140992 -37.787278285388666, 144.90933313506426 -37.786557774376355, 144.90963752943682 -37.78599093210435, 144.90987952004104 -37.78507963423003, 144.91032481586464 -37.784629739473225, 144.9117118066298 -37.78402487011227, 144.91336773562938 -37.78411144415864, 144.91465047169496 -37.784649184558006, 144.91650013349957 -37.78554028927493, 144.91779576176864 -37.78562042699693, 144.91858049283343 -37.78592042108984, 144.91928674383328 -37.786447922024685, 144.91984726087193 -37.78703006952225, 144.9201146925922 -37.78777871271909, 144.92066400213005 -37.78876123078543, 144.92064476088663 -37.78944758639421, 144.92114766530062 -37.78951368912782, 144.92200772920557 -37.78970054131863, 144.9222944181976 -37.78976282401305, 144.92300713873448 -37.790061518698046, 144.92320894452394 -37.79058009915325, 144.9237118593705 -37.79064619121437, 144.92347321888647 -37.79144312842852, 144.92317210760734 -37.791895615711184, 144.9227925092398 -37.792575616224156, 144.92205252241632 -37.793249257052636, 144.92080156974055 -37.79414277118668, 144.9205660929129 -37.79482530832347, 144.9209793168619 -37.79551929878043, 144.9218474637188 -37.79542017265538, 144.92293024137484 -37.79538205038171, 144.92364461913115 -37.79562354626892, 144.9245047603486 -37.7958103823049, 144.92551066439498 -37.795942555275865, 144.9266623300124 -37.796020061406175, 144.9275224844185 -37.79620687573913, 144.927650658523 -37.796781377448525, 144.92708373960158 -37.799003158953646, 144.92719112692208 -37.80032121455351, 144.92826758297446 -37.80051183104684, 144.92875938531782 -37.80097827887119, 144.9288859777931 -37.80160997579889, 144.92900138782392 -37.80264204790755, 144.9291968755247 -37.80338940517574, 144.93034546844598 -37.80358127167863, 144.93122327759193 -37.80313889973375, 144.9316845182932 -37.80211695920521, 144.93201753062402 -37.80052051867126, 144.9328263992633 -37.79996247408981, 144.93385787943922 -37.7991794311309, 144.93446322026145 -37.79816000652645, 144.93440866545913 -37.7975295783623, 144.93313512311354 -37.79664886354762, 144.93244462332348 -37.79554947418752, 144.93191105962683 -37.79399503951822, 144.9331491289683 -37.79355897701321, 144.93388902142502 -37.79288526360303, 144.93355732575742 -37.79184939932932, 144.9332543272117 -37.789783992810065, 144.93306522949476 -37.78843072393977)))",3087230.50876,15418.4767314,Alluvial Flat,Medium to Heavy Textured Clay with some Sand,Digitized from 1956 Geological Survey of Victoria Map
"MULTIPOLYGON (((144.93855543648976 -37.78053029622616, 144.9385238314237 -37.78045611720239, 144.93765965225657 -37.77896756526718, 144.93732329074513 -37.77831962564107, 144.93897767441 -37.77843932739476, 144.94047511500509 -37.77903776934921, 144.94045923894055 -37.779609740473504, 144.93943604988996 -37.78010686836307, 144.93855543648976 -37.78053029622616)))",3087230.50876,15418.4767314,Alluvial Flat,Deep Stratified Sand/ Silt/ Clay/ Gravel,Digitized from 1956 Geological Survey of Victoria Map
"MULTIPOLYGON (((144.97524138638346 -37.82145292984202, 144.9742406400623 -37.82065705873165, 144.9723812393231 -37.8204665761572, 144.97050160077453 -37.821015273124864, 144.96958130449255 -37.82300677655549, 144.9699467308325 -37.823699140900345, 144.96982440898452 -37.82385617698527, 144.96964786522793 -37.825437897967646, 144.96926726706585 -37.82717457526207, 144.96969416441894 -37.828608225848136, 144.96980414614293 -37.829455330046706, 144.96991798515197 -37.83029924881891, 144.96584408165546 -37.83148556726299, 144.9629639733304 -37.828567742289486, 144.96276561680165 -37.8286907342254, 144.96257228631112 -37.82856372489698, 144.96232584161973 -37.828484746399255, 144.96218966108066 -37.82837463556345, 144.9622339687577 -37.82833356096456, 144.9622034044016 -37.828313511503744, 144.96217200386585 -37.82829429241228, 144.96213980276565 -37.828275925483496, 144.96210683787336 -37.828258431742334, 144.96207314670207 -37.828241831100065, 144.96203876806695 -37.82822614258935, 144.96200374081403 -37.82821138411701, 144.96196810509795 -37.82819757248605, 144.96193190152994 -37.82818472338087, 144.9618951714556 -37.82817285159758, 144.96185795682564 -37.82816197059097, 144.96182030004104 -37.82815209292252, 144.96178224411102 -37.82814322969988, 144.96174383249837 -37.82813539102475, 144.96170510897758 -37.82812858599054, 144.96166611778608 -37.82812282234685, 144.96162690348245 -37.82811810649722, 144.96158802276418 -37.82811514096994, 144.96154903768553 -37.82811322225124, 144.96150999305536 -37.82811235280651, 144.96147093372576 -37.828112533524965, 144.96143190458 -37.82811376416986, 144.9613929503902 -37.82811604337622, 144.9613541161077 -37.82811936843038, 144.96131544599893 -37.828123735705766, 144.96127698494465 -37.828129139896745, 144.96120081486092 -37.828141024986586, 144.9611251342992 -37.828154736396776, 144.96105001262112 -37.82817026158657, 144.96097551895403 -37.82818758620893, 144.9609017216142 -37.82820669443852, 144.9603518689367 -37.82834535393666, 144.9598001498889 -37.827539156116785, 144.95901734224068 -37.826944508887024, 144.95827928327327 -37.82714301356039, 144.9574673732707 -37.82760435929029, 144.9570064132162 -37.8284962528695, 144.95687116350788 -37.82848054209089, 144.95652914062728 -37.828432163600006, 144.95618917713225 -37.8283753835389, 144.9558317500324 -37.82830588979632, 144.95557947805526 -37.82825405745308, 144.95497452250584 -37.82812024714665, 144.9528873100878 -37.827653331390316, 144.95256061153205 -37.82758588178265, 144.95241560668364 -37.827560918880984, 144.9517846967178 -37.82745230391511, 144.95100784498115 -37.82731753245181, 144.95045196803432 -37.82722784346869, 144.9499007003354 -37.827141953524006, 144.94914265549127 -37.8270238421898, 144.94852376283126 -37.82692740846809, 144.94813429667988 -37.82688240144417, 144.94812908940952 -37.826912390349655, 144.94743550829546 -37.82683650783109, 144.9472470498072 -37.826997694656235, 144.94689663701223 -37.82689147737257, 144.94654622540244 -37.826785259188036, 144.94645449421137 -37.82671302278849, 144.94643032563897 -37.82669662492025, 144.9464097289693 -37.82668358651289, 144.9463898216914 -37.826673225905715, 144.94636947727366 -37.826663414031174, 144.94634871996692 -37.826654162351396, 144.94632757417642 -37.82664548188062, 144.94630606475823 -37.82663738273982, 144.9462842172905 -37.82662987461197, 144.9462620575152 -37.82662296639442, 144.94623961162515 -37.826616666091205, 144.94621690596747 -37.826610981258476, 144.94619396748206 -37.826605918561604, 144.94559875216913 -37.826501020887676, 144.9452817961969 -37.826485158036704, 144.94282848295057 -37.82605354755404, 144.942084931225 -37.825976382888754, 144.94170827347722 -37.82595708429711, 144.94151720966173 -37.825971429135045, 144.9414267897575 -37.8259816993801, 144.94120754565563 -37.82601178366521, 144.94116987978197 -37.82602393774506, 144.94111789999823 -37.82595234371084, 144.94026404860492 -37.82594699871123, 144.93931138966735 -37.825941027934036, 144.93909317404763 -37.82589258235649, 144.9388296574939 -37.82589259060312, 144.93869222116749 -37.82589215078969, 144.93839941663177 -37.825878970887885, 144.93808204453788 -37.82589785824688, 144.93790650646145 -37.82591416421978, 144.93767579710297 -37.825936662196064, 144.93764081514644 -37.82590636508414, 144.93763944689883 -37.82590768881722, 144.93762330381662 -37.8258950108849, 144.93757607351688 -37.82593284837371, 144.93754882016324 -37.82591021409967, 144.9372512223779 -37.8259247261828, 144.9372086765938 -37.82592633799505, 144.9370849755275 -37.82602148204083, 144.9370085142485 -37.825958936237114, 144.9359150943083 -37.82603660627257, 144.93552913043845 -37.826056226195554, 144.9347278003189 -37.8262406866443, 144.93465734997562 -37.8261830551111, 144.93464989521468 -37.826187483919504, 144.9346249437244 -37.82621629841552, 144.93456558246558 -37.82624734489705, 144.9344614858181 -37.82630062408928, 144.93441430647184 -37.82630352562687, 144.9334426951673 -37.82638268958628, 144.93227586765846 -37.826472644005946, 144.9311312247532 -37.82676654288081, 144.92719126680424 -37.827682188062354, 144.92631698380063 -37.82782891109317, 144.92548687707557 -37.82796811536518, 144.92515391777246 -37.828030925197446, 144.92315725497448 -37.82841776384919, 144.92276010016516 -37.82855507664765, 144.92247101222424 -37.82866902659918, 144.92227956410608 -37.82870611468484, 144.922155032838 -37.828760772592865, 144.9221842727064 -37.82885489894773, 144.9218938321243 -37.82899116004197, 144.92160968417434 -37.82913552755611, 144.92133218841394 -37.82928781863779, 144.921061695878 -37.82944784071158, 144.9207985487952 -37.829615391473794, 144.9209024775759 -37.82995263726075, 144.92030115147682 -37.830069214229404, 144.91948834463955 -37.831201276688795, 144.9190655099999 -37.83149371222673, 144.9184516028156 -37.83200117282136, 144.91815908129507 -37.832255009061285, 144.91645153731656 -37.83277577050159, 144.91415722477933 -37.83374754060728, 144.91356722243063 -37.8339317903674, 144.9134286528034 -37.83397506319963, 144.91326453018917 -37.83402631559092, 144.91397113308264 -37.834877468013694, 144.9140346667329 -37.83495680070419, 144.91409474108443 -37.83503781075441, 144.91415128579362 -37.83512040342715, 144.91420423468654 -37.83520448214394, 144.91425352576857 -37.83528994814725, 144.91429910118967 -37.83537670173885, 144.91434090756314 -37.83546464104651, 144.91437889607278 -37.83555366326473, 144.9144130222017 -37.83564366419962, 144.91444324601648 -37.8357345382737, 144.91482257531888 -37.836963634538414, 144.9148722811719 -37.836953987421516, 144.91542104188414 -37.83862295386223, 144.91500469131097 -37.838721621163046, 144.91525633683568 -37.83944844222368, 144.91524070375112 -37.839506047016, 144.91246791592414 -37.84099173983601, 144.9124853921936 -37.84105216748486, 144.91250536990472 -37.84111210566158, 144.9125278276052 -37.84117148921334, 144.91255274098708 -37.841230253499695, 144.9125800827322 -37.84128833484054, 144.91260982323462 -37.84134567007835, 144.9126419303102 -37.841402196798214, 144.9126763690423 -37.84145785377579, 144.91271310179405 -37.841512580526896, 144.91275008235633 -37.841563638399286, 144.91301077391935 -37.841909874106726, 144.9129385897456 -37.841944225951806, 144.91319443896165 -37.84228372480786, 144.91326683877935 -37.84222117027965, 144.9132701636615 -37.842253184531245, 144.91335200138275 -37.842375048780625, 144.9134065052063 -37.842441034077424, 144.9134462049472 -37.842508937537524, 144.9135023753968 -37.842577484605926, 144.91355662998345 -37.84264748450016, 144.91360800125477 -37.84274237740112, 144.9136608170018 -37.84285778837344, 144.91370028585743 -37.84291857757752, 144.91374856639908 -37.84300016862702, 144.91380769735323 -37.843088287141995, 144.91384919067352 -37.843147814497534, 144.91388252053213 -37.84320104221156, 144.91392045489187 -37.843249764584755, 144.9139615780093 -37.84330348195092, 144.91400097246154 -37.843362088917985, 144.91404253055578 -37.843425780736595, 144.9141085867956 -37.843517779679374, 144.91414153954688 -37.843564232889904, 144.91415962455218 -37.84360961148339, 144.91417989997603 -37.84369985271977, 144.91417065243405 -37.84375539854005, 144.91416405624432 -37.84380961266966, 144.91415549943764 -37.843861620249726, 144.91415309394546 -37.84393608560491, 144.91415781828283 -37.84397812744444, 144.91417686373654 -37.84404588095427, 144.91421809267445 -37.844111179850785, 144.91424068460313 -37.84414745553049, 144.91427233095985 -37.84418583815382, 144.9142982316363 -37.84422285733416, 144.9143657134834 -37.84429453308928, 144.91440467198268 -37.844313787450645, 144.9144401796743 -37.84432161708383, 144.91448638441972 -37.844324481560484, 144.9145732730869 -37.84432529142017, 144.91460436505955 -37.844330528412144, 144.9147077324185 -37.84437768853212, 144.91483764602492 -37.8443913070315, 144.91428580900612 -37.844709758523564, 144.91371837290424 -37.84497372875746, 144.91310094024618 -37.8452943553887, 144.91268714095807 -37.84550349887999, 144.91262155048403 -37.84562290800163, 144.91252746956857 -37.84577195478408, 144.91252138767325 -37.84586501652013, 144.9126408263644 -37.84604251342957, 144.91314063009273 -37.84670630586721, 144.91391519492328 -37.8476791390614, 144.91417427567214 -37.848053670171154, 144.914460460214 -37.84844786300986, 144.9144711933206 -37.84855766461315, 144.9143778799685 -37.848631388396555, 144.91433314244983 -37.84865338582141, 144.9142987999696 -37.84867026868568, 144.91409221315058 -37.848763012966735, 144.914052525611 -37.848780828253325, 144.91394608409652 -37.84881752010698, 144.9138721475664 -37.84885171508529, 144.91382559315605 -37.84887324744129, 144.9137681771208 -37.848896687097515, 144.91369981573573 -37.84892460053392, 144.9136286554549 -37.848956258221385, 144.91357938501386 -37.84897818402002, 144.91349479222177 -37.84900699015431, 144.9134238319459 -37.84903114456335, 144.91336891343343 -37.84906192761038, 144.91327554322922 -37.84911424233155, 144.9131801440752 -37.84916112314589, 144.91300039356437 -37.84925039425099, 144.91294671250662 -37.849275972284566, 144.91292192232586 -37.84928778845527, 144.91285788493832 -37.849337243787765, 144.912771781983 -37.849378872988474, 144.91268552078674 -37.849432557005535, 144.9125988224163 -37.849480375638905, 144.91257188030633 -37.84948951304944, 144.91256396275168 -37.8494922021828, 144.91252046987867 -37.849480112144434, 144.91248760376095 -37.84945269250785, 144.91243167562067 -37.84939879318583, 144.9120801858858 -37.848931519344966, 144.91193792276152 -37.848999878320825, 144.90882276597324 -37.84485977570441, 144.90852501184628 -37.84500068201469, 144.90824853036835 -37.844525567610845, 144.90782117485617 -37.843198651189184, 144.90749491814194 -37.84326475485105, 144.90652484729262 -37.84161515214788, 144.90670543013283 -37.84154792118383, 144.90613630595914 -37.8405913795243, 144.90591922641823 -37.84059872959098, 144.90586996024746 -37.84050742349695, 144.90573935893136 -37.84023655181828, 144.90546068115606 -37.84019048763452, 144.9051961009245 -37.84025702528854, 144.90467513337003 -37.840466972432324, 144.9042238797654 -37.84065623645554, 144.90395426585914 -37.840829433197975, 144.9034281719886 -37.84102765717958, 144.9031545745164 -37.841431867403394, 144.9033660689276 -37.84177543020282, 144.90353234138826 -37.842129148220096, 144.90379978137653 -37.842572357099705, 144.90397781778736 -37.84287695912305, 144.90416536760588 -37.84321187339462, 144.9043829271783 -37.84358568584759, 144.90463457011305 -37.8439765467876, 144.90485593025036 -37.84421615254654, 144.90492150683764 -37.84446394541309, 144.90498719510538 -37.84458568727467, 144.90518810448876 -37.84493727976909, 144.90545579088155 -37.845372269018604, 144.90566730215983 -37.84571582848782, 144.90583467446413 -37.846031199303134, 144.90603997661768 -37.8463499851688, 144.906167130506 -37.84662079531215, 144.9063107404835 -37.846798728533884, 144.90632584618598 -37.84687572508334, 144.9061384625115 -37.84702310597212, 144.90582122273273 -37.84723942267766, 144.90544431351432 -37.84748755963092, 144.90544726987042 -37.84762736642932, 144.90560776814465 -37.84781930262084, 144.90578910871557 -37.84788555661637, 144.90580972926506 -37.84801197638729, 144.9059902628089 -37.848228931211516, 144.9061955262901 -37.848427143838094, 144.9065592329381 -37.84876792886121, 144.90687794751827 -37.84911065283185, 144.90726879838536 -37.84945690384408, 144.90725089121796 -37.849541008807506, 144.90685747162306 -37.84969001622485, 144.9062101590036 -37.84963174307484, 144.90441693244017 -37.84837245653931, 144.90275050880112 -37.84707130719701, 144.90133556948973 -37.84562940105436, 144.90007203654207 -37.84434475464719, 144.8994674081339 -37.84364280445119, 144.8998437387103 -37.843357505163375, 144.8989802180182 -37.84186300192565, 144.89763711280676 -37.834739368485614, 144.8984121684069 -37.831837275544856, 144.89939058670384 -37.82927688355038, 144.9005105201258 -37.82915518625642, 144.90235782133746 -37.82761445198027, 144.90622033277384 -37.82496506012377, 144.90696159726247 -37.82426293811828, 144.90771496313155 -37.823131844732096, 144.91499386290369 -37.820828941071866, 144.92096642867597 -37.82007619107974, 144.9263781136533 -37.820028564528656, 144.93467549075734 -37.82097336462879, 144.94314838126627 -37.822812096653195, 144.9441840803182 -37.82388669169317, 144.94763076953544 -37.82447507752499, 144.94778730165208 -37.82363260071903, 144.9495845207505 -37.823663913299306, 144.9540399239743 -37.82389989667101, 144.95739288396825 -37.82306008225712, 144.96251997084272 -37.820666121588324, 144.9659407081427 -37.819774407595354, 144.9721511205747 -37.819141973884584, 144.97413205959563 -37.819757155666764, 144.97491203347792 -37.82045730587542, 144.97524138638346 -37.82145292984202)))",3087230.50876,15418.4767314,Alluvial Flat,Medium to Heavy Textured Clay with some Sand,Digitized from 1956 Geological Survey of Victoria Map
"MULTIPOLYGON (((144.93984004714974 -37.78521569965663, 144.93979293647675 -37.785110160547816, 144.93931856419144 -37.78365407268044, 144.93919580684536 -37.78272151979756, 144.9389936860159 -37.78166986377444, 144.938866885387 -37.78126127788894, 144.93871096494382 -37.780895328856815, 144.93898142101682 -37.78090006178997, 144.9402017632664 -37.781093084403835, 144.94068875717198 -37.78173107353799, 144.94075129788953 -37.782075516123776, 144.9405944640292 -37.78253057275615, 144.9401509477801 -37.78292339083106, 144.9398531499244 -37.78326153126618, 144.93969789621224 -37.78365938933988, 144.94026173402798 -37.78412704987068, 144.94032586226518 -37.78441429549554, 144.94024108913823 -37.784870611576935, 144.93984004714974 -37.78521569965663)))",3087230.50876,15418.4767314,Alluvial Flat,Deep Stratified Sand/ Silt/ Clay/ Gravel,Digitized from 1956 Geological Survey of Victoria Map
